 
 # Wolfrg笔记
 
 ## 网上参考资料：
 
http://wiki.jikexueyuan.com/project/start-learning-python/230.html


========================================
 
##  MySQL基础学习_20180226

#创建数据库并指定字符集：
mysql> create database python01  character set  utf8;

#创建表
mysql> use python01;
Database changed
mysql> create table userinfo (id int,name varchar(10));
Query OK, 0 rows affected (0.23 sec)

mysql> desc userinfo;
+-------+-------------+------+-----+---------+-------+
| Field | Type        | Null | Key | Default | Extra |
+-------+-------------+------+-----+---------+-------+
| id    | int(11)     | YES  |     | NULL    |       |
| name  | varchar(10) | YES  |     | NULL    |       |
+-------+-------------+------+-----+---------+-------+
2 rows in set (0.00 sec)

 #插入数据
mysql> insert into userinfo (id,name) values (1,'alex');
Query OK, 1 row affected (0.03 sec)

mysql> select * from python01.userinfo;
+------+------+
| id   | name |
+------+------+
|    1 | alex |
+------+------+
1 row in set (0.00 sec)

 #字段自增的设置
 #前面在创建表的时候没有设置主键和id自增,设置字段为auto_increment，字段必须是int类型且为primary key：
命令如下：
alter table userinfo change id id int primary key  AUTO_INCREMENT;

mysql> desc userinfo
    -> ;
+-------+-------------+------+-----+---------+----------------+
| Field | Type        | Null | Key | Default | Extra          |
+-------+-------------+------+-----+---------+----------------+
| id    | int(11)     | NO   | PRI | NULL    | auto_increment |
| name  | varchar(10) | YES  |     | NULL    |                |
+-------+-------------+------+-----+---------+----------------+
2 rows in set (0.00 sec)

 #再来插入一条数据
insert into   userinfo (name) values ('frg');
mysql> select * from userinfo;
+----+------+
| id | name |
+----+------+
|  1 | alex |
|  2 | frg  |
+----+------+
2 rows in set (0.00 sec)

 #可以看到id自增为2




 #python操作MySQL

 #查询操作：

 In [61]: import MySQLdb
 In [55]: conn = MySQLdb.connect(
    ...:         host = '127.0.0.1',
    ...:         port = 3306,
    ...:         user = 'root',
    ...:         passwd = '123321',
    ...:         db = 'test',
    ...:         charset = 'utf8'
    ...: )

In [56]: cur = conn.cursor()

In [57]: cur.execute('select * from frg')
Out[57]: 3L

In [58]: cur.fetchall()
Out[58]: ((1L, u'zjq'), (2L, u'aaa'), (3L, u'tom'))

In [59]:

#插入操作：

 #实例：
In [63]: conn = MySQLdb.connect(
    ...:     host = '127.0.0.1',
    ...:     port = 3306,
    ...:     user = 'root',
    ...:     passwd = '123321',
    ...:     db = 'python01',
    ...:     charset = 'utf8'
    ...: )

In [64]: cur = conn.cursor()

In [65]: sql = "insert into userinfo (name) values ('dddd')"

In [66]: sql = "insert into userinfo (name) values (%s)"

In [67]: sql
Out[67]: 'insert into userinfo (name) values (%s)'

In [68]: params = ('dddd')



In [70]: cur.execute(sql,params)
---------------------------------------------------------------------------
TypeError                                 Traceback (most recent call last)
<ipython-input-70-c70064def401> in <module>()
----> 1 cur.execute(sql,params)
TypeError: not all arguments converted during string formatting

#66处 采用%s的写法
#上面的报错 TypeError:解决办法是 params = ('dddd',)

In [76]: params = ('dddd',)

In [77]: re = cur.execute(sql,params)

In [78]: conn.commit()

In [79]: cur.fetchall()
Out[79]: ()

In [80]: cur.close()

In [81]: conn.close()

In [82]: print re
1

 #验证：在MySQL命令 查询看到新插入的数据



## lesson07

#前端基础

 ## html
 ## css
 ## js

 内联元素
 span


 css
 式样的构成：选择符和样式

 div{width:200px;}

#选择符：
#标签选择符

#类选择符
<div class="odiv"></div>


id选择符:id选择符是唯一的，每个id名称必须不同
<div id="oidiv1"></div>

#子元素选择符：
#有两种
1.只选中第一级
<div class="outer1">

</div>


#伪类选择符

inArray


20180422
python异常处理

@app.error_handler

错误集中处理


sentry

Flask http接收方式
POST的方式
params url形式的参数
表单形式的参数
客户端向服务器发送json格式request.get_json()

1、request.args.get("hostname")
2、request.form["hostname"]
3、request.get_json()

CREATE TABLE `map_tree` (
  `id` int(11) NOT NULL AUTO_INCREMENT,
  `name` varchar(45) DEFAULT NULL,
  `cname` varchar(45) DEFAULT NULL,
  `node_type` varchar(45) DEFAULT NULL,
  `pid` varchar(45) DEFAULT NULL,
  PRIMARY KEY (`id`),
  UNIQUE KEY `id_UNIQUE` (`id`)
) ENGINE=InnoDB AUTO_INCREMENT=7 DEFAULT CHARSET=utf8;

CREATE TABLE `tb_device` (
  `id` int(10) unsigned NOT NULL AUTO_INCREMENT,
  `hostname` varchar(45) DEFAULT NULL,
  `host_type` varchar(45) DEFAULT NULL,
  `ip` varchar(45) DEFAULT NULL,
  `location` varchar(45) DEFAULT NULL,
  PRIMARY KEY (`id`),
  UNIQUE KEY `id_UNIQUE` (`id`)
) ENGINE=InnoDB AUTO_INCREMENT=5 DEFAULT CHARSET=utf8;


CREATE TABLE `map_device` (
  `id` bigint(20) unsigned NOT NULL AUTO_INCREMENT,
  `tree_id` bigint(20) DEFAULT NULL,
  `device_id` bigint(20) DEFAULT NULL,
  PRIMARY KEY (`id`),
  UNIQUE KEY `id_UNIQUE` (`id`)
) ENGINE=InnoDB AUTO_INCREMENT=21 DEFAULT CHARSET=utf8;