python 单实例 \n




========================================
#20180226
#mysql基础学习

#创建数据库并指定字符集：
mysql> create database python01  character set  utf8;

#创建表
mysql> use python01;
Database changed
mysql> create table userinfo (id int,name varchar(10));
Query OK, 0 rows affected (0.23 sec)

mysql> desc userinfo;
+-------+-------------+------+-----+---------+-------+
| Field | Type        | Null | Key | Default | Extra |
+-------+-------------+------+-----+---------+-------+
| id    | int(11)     | YES  |     | NULL    |       |
| name  | varchar(10) | YES  |     | NULL    |       |
+-------+-------------+------+-----+---------+-------+
2 rows in set (0.00 sec)

#插入数据
mysql> insert into userinfo (id,name) values (1,'alex');
Query OK, 1 row affected (0.03 sec)

mysql> select * from python01.userinfo;
+------+------+
| id   | name |
+------+------+
|    1 | alex |
+------+------+
1 row in set (0.00 sec)

#字段自增的设置
#前面在创建表的时候没有设置主键和id自增,设置字段为auto_increment，字段必须是int类型且为primary key：
命令如下：
alter table userinfo change id id int primary key  AUTO_INCREMENT;

mysql> desc userinfo 
    -> ;
+-------+-------------+------+-----+---------+----------------+
| Field | Type        | Null | Key | Default | Extra          |
+-------+-------------+------+-----+---------+----------------+
| id    | int(11)     | NO   | PRI | NULL    | auto_increment |
| name  | varchar(10) | YES  |     | NULL    |                |
+-------+-------------+------+-----+---------+----------------+
2 rows in set (0.00 sec)

#再来插入一条数据
insert into   userinfo (name) values ('frg');
mysql> select * from userinfo;
+----+------+
| id | name |
+----+------+
|  1 | alex |
|  2 | frg  |
+----+------+
2 rows in set (0.00 sec)

#可以看到id自增为2
